store_number,year_week,epoch_week,metric,numerator,denominator,isratio,value,date,is_zscore_outlier,is_iqr_outlier,is_outlier
1,202401,1253,sales,12236.51,,False,12236.51,2024-01-01,False,False,False
1,202401,1253,visits,588.0,,False,588.0,2024-01-01,False,False,False
1,202401,1253,items_per_visit,1652.53,544.0,True,3.037738970588235,2024-01-01,False,False,False
1,202401,1253,conversion_rate,156.37,632.0,True,0.24742088607594936,2024-01-01,False,False,False
1,202401,1253,avg_ticket,12436.15,478.0,True,26.01705020920502,2024-01-01,False,False,False
1,202402,1254,sales,12500.58,,False,12500.58,2024-01-08,False,False,False
1,202402,1254,visits,484.0,,False,484.0,2024-01-08,False,False,False
1,202402,1254,items_per_visit,1137.75,438.0,True,2.5976027397260273,2024-01-08,False,False,False
1,202402,1254,conversion_rate,235.23,615.0,True,0.3824878048780488,2024-01-08,False,False,False
1,202402,1254,avg_ticket,8389.72,437.0,True,19.198443935926772,2024-01-08,False,False,False
1,202403,1255,sales,9917.38,,False,9917.38,2024-01-15,False,False,False
1,202403,1255,visits,462.0,,False,462.0,2024-01-15,False,False,False
1,202403,1255,items_per_visit,1961.04,587.0,True,3.3407836456558773,2024-01-15,False,False,False
1,202403,1255,conversion_rate,150.09,461.0,True,0.3255748373101952,2024-01-15,False,False,False
1,202403,1255,avg_ticket,15887.53,629.0,True,25.258394276629573,2024-01-15,False,False,False
1,202404,1256,sales,12098.41,,False,12098.41,2024-01-22,False,False,False
1,202404,1256,visits,559.0,,False,559.0,2024-01-22,False,False,False
1,202404,1256,items_per_visit,723.86,412.0,True,1.7569417475728155,2024-01-22,False,False,False
1,202404,1256,conversion_rate,155.03,566.0,True,0.273904593639576,2024-01-22,False,False,False
1,202404,1256,avg_ticket,7289.02,438.0,True,16.641598173515984,2024-01-22,False,False,False
1,202405,1257,sales,13180.5,,False,13180.5,2024-01-29,False,False,False
1,202405,1257,visits,456.0,,False,456.0,2024-01-29,False,False,False
1,202405,1257,items_per_visit,1716.01,688.0,True,2.494200581395349,2024-01-29,False,False,False
1,202405,1257,conversion_rate,197.31,602.0,True,0.32775747508305647,2024-01-29,False,False,False
1,202405,1257,avg_ticket,12211.38,531.0,True,22.99694915254237,2024-01-29,False,False,False
1,202406,1258,sales,8370.03,,False,8370.03,2024-02-05,False,False,False
1,202406,1258,visits,439.0,,False,439.0,2024-02-05,False,False,False
1,202406,1258,items_per_visit,881.61,478.0,True,1.8443723849372384,2024-02-05,False,False,False
1,202406,1258,conversion_rate,209.19,536.0,True,0.39027985074626864,2024-02-05,False,False,False
1,202406,1258,avg_ticket,12083.46,502.0,True,24.0706374501992,2024-02-05,False,False,False
1,202407,1259,sales,10891.81,,False,10891.81,2024-02-12,False,False,False
1,202407,1259,visits,464.0,,False,464.0,2024-02-12,False,False,False
1,202407,1259,items_per_visit,2134.7,650.0,True,3.284153846153846,2024-02-12,False,False,False
1,202407,1259,conversion_rate,122.34,483.0,True,0.2532919254658385,2024-02-12,False,False,False
1,202407,1259,avg_ticket,10016.91,510.0,True,19.641,2024-02-12,False,False,False
1,202408,1260,sales,10019.5,,False,10019.5,2024-02-19,False,False,False
1,202408,1260,visits,493.0,,False,493.0,2024-02-19,False,False,False
1,202408,1260,items_per_visit,1571.35,495.0,True,3.174444444444444,2024-02-19,False,False,False
1,202408,1260,conversion_rate,200.43,583.0,True,0.3437907375643225,2024-02-19,False,False,False
1,202408,1260,avg_ticket,14091.82,566.0,True,24.89720848056537,2024-02-19,False,False,False
1,202409,1261,sales,8552.43,,False,8552.43,2024-02-26,False,False,False
1,202409,1261,visits,628.0,,False,628.0,2024-02-26,False,False,False
1,202409,1261,items_per_visit,1714.52,593.0,True,2.891264755480607,2024-02-26,False,False,False
1,202409,1261,conversion_rate,146.73,554.0,True,0.26485559566787004,2024-02-26,False,False,False
1,202409,1261,avg_ticket,13391.01,543.0,True,24.661160220994475,2024-02-26,False,False,False
1,202410,1262,sales,9563.76,,False,9563.76,2024-03-04,False,False,False
1,202410,1262,visits,428.0,,False,428.0,2024-03-04,False,False,False
1,202410,1262,items_per_visit,1452.99,517.0,True,2.8104255319148934,2024-03-04,False,False,False
1,202410,1262,conversion_rate,161.76,552.0,True,0.29304347826086957,2024-03-04,False,False,False
1,202410,1262,avg_ticket,9741.57,567.0,True,17.18089947089947,2024-03-04,False,False,False
1,202411,1263,sales,12330.94,,False,12330.94,2024-03-11,False,False,False
1,202411,1263,visits,488.0,,False,488.0,2024-03-11,False,False,False
1,202411,1263,items_per_visit,887.91,424.0,True,2.094127358490566,2024-03-11,False,False,False
1,202411,1263,conversion_rate,95.74,437.0,True,0.21908466819221967,2024-03-11,False,False,False
1,202411,1263,avg_ticket,8802.09,488.0,True,18.037069672131146,2024-03-11,False,False,False
1,202412,1264,sales,2810.23,,False,2810.23,2024-03-18,True,False,True
1,202412,1264,visits,443.0,,False,443.0,2024-03-18,False,False,False
1,202412,1264,items_per_visit,2020.96,582.0,True,3.4724398625429553,2024-03-18,False,False,False
1,202412,1264,conversion_rate,257.51,610.0,True,0.4221475409836065,2024-03-18,False,False,False
1,202412,1264,avg_ticket,8562.25,476.0,True,17.987920168067227,2024-03-18,False,False,False
2,202401,1253,sales,5206.5,,False,5206.5,2024-01-01,False,False,False
2,202401,1253,visits,228.0,,False,228.0,2024-01-01,False,False,False
2,202401,1253,items_per_visit,612.03,408.0,True,1.5000735294117646,2024-01-01,False,False,False
2,202401,1253,conversion_rate,51.01,365.0,True,0.13975342465753424,2024-01-01,False,False,False
2,202401,1253,avg_ticket,4905.11,381.0,True,12.874304461942256,2024-01-01,False,False,False
2,202402,1254,sales,8962.66,,False,8962.66,2024-01-08,False,False,False
2,202402,1254,visits,417.0,,False,417.0,2024-01-08,False,False,False
2,202402,1254,items_per_visit,695.07,365.0,True,1.9043013698630138,2024-01-08,False,False,False
2,202402,1254,conversion_rate,72.52,361.0,True,0.20088642659279776,2024-01-08,False,False,False
2,202402,1254,avg_ticket,4353.63,397.0,True,10.96632241813602,2024-01-08,False,False,False
2,202403,1255,sales,10348.57,,False,10348.57,2024-01-15,False,False,False
2,202403,1255,visits,239.0,,False,239.0,2024-01-15,False,False,False
2,202403,1255,items_per_visit,506.07,319.0,True,1.5864263322884011,2024-01-15,False,False,False
2,202403,1255,conversion_rate,90.36,445.0,True,0.2030561797752809,2024-01-15,False,False,False
2,202403,1255,avg_ticket,4069.76,360.0,True,11.30488888888889,2024-01-15,False,False,False
2,202404,1256,sales,5322.17,,False,5322.17,2024-01-22,False,False,False
2,202404,1256,visits,310.0,,False,310.0,2024-01-22,False,False,False
2,202404,1256,items_per_visit,381.83,309.0,True,1.2356957928802588,2024-01-22,False,False,False
2,202404,1256,conversion_rate,88.8,301.0,True,0.2950166112956811,2024-01-22,False,False,False
2,202404,1256,avg_ticket,3086.15,324.0,True,9.525154320987655,2024-01-22,False,False,False
2,202405,1257,sales,5569.65,,False,5569.65,2024-01-29,False,False,False
2,202405,1257,visits,487.0,,False,487.0,2024-01-29,False,False,False
2,202405,1257,items_per_visit,593.48,379.0,True,1.565910290237467,2024-01-29,False,False,False
2,202405,1257,conversion_rate,52.88,360.0,True,0.1468888888888889,2024-01-29,False,False,False
2,202405,1257,avg_ticket,5574.14,347.0,True,16.063804034582134,2024-01-29,False,False,False
2,202406,1258,sales,4143.4,,False,4143.4,2024-02-05,False,False,False
2,202406,1258,visits,327.0,,False,327.0,2024-02-05,False,False,False
2,202406,1258,items_per_visit,409.28,318.0,True,1.2870440251572326,2024-02-05,False,False,False
2,202406,1258,conversion_rate,50.58,299.0,True,0.1691638795986622,2024-02-05,False,False,False
2,202406,1258,avg_ticket,3102.02,333.0,True,9.315375375375375,2024-02-05,False,False,False
2,202407,1259,sales,8721.55,,False,8721.55,2024-02-12,False,False,False
2,202407,1259,visits,282.0,,False,282.0,2024-02-12,False,False,False
2,202407,1259,items_per_visit,441.78,370.0,True,1.194,2024-02-12,False,False,False
2,202407,1259,conversion_rate,59.06,390.0,True,0.15143589743589744,2024-02-12,False,False,False
2,202407,1259,avg_ticket,5351.69,405.0,True,13.214049382716048,2024-02-12,False,False,False
2,202408,1260,sales,8351.02,,False,8351.02,2024-02-19,False,False,False
2,202408,1260,visits,336.0,,False,336.0,2024-02-19,False,False,False
2,202408,1260,items_per_visit,1141.54,457.0,True,2.4978993435448578,2024-02-19,False,False,False
2,202408,1260,conversion_rate,119.93,435.0,True,0.2757011494252874,2024-02-19,False,False,False
2,202408,1260,avg_ticket,5666.3,344.0,True,16.471802325581397,2024-02-19,False,False,False
2,202409,1261,sales,10010.28,,False,10010.28,2024-02-26,False,False,False
2,202409,1261,visits,422.0,,False,422.0,2024-02-26,False,False,False
2,202409,1261,items_per_visit,573.56,309.0,True,1.8561812297734626,2024-02-26,False,False,False
2,202409,1261,conversion_rate,96.77,350.0,True,0.2764857142857143,2024-02-26,False,False,False
2,202409,1261,avg_ticket,6800.17,448.0,True,15.178950892857143,2024-02-26,False,False,False
2,202410,1262,sales,7659.34,,False,7659.34,2024-03-04,False,False,False
2,202410,1262,visits,455.0,,False,455.0,2024-03-04,False,False,False
2,202410,1262,items_per_visit,501.18,428.0,True,1.170981308411215,2024-03-04,False,False,False
2,202410,1262,conversion_rate,55.89,384.0,True,0.145546875,2024-03-04,False,False,False
2,202410,1262,avg_ticket,6002.04,386.0,True,15.549326424870467,2024-03-04,False,False,False
2,202411,1263,sales,8857.45,,False,8857.45,2024-03-11,False,False,False
2,202411,1263,visits,414.0,,False,414.0,2024-03-11,False,False,False
2,202411,1263,items_per_visit,585.11,351.0,True,1.666980056980057,2024-03-11,False,False,False
2,202411,1263,conversion_rate,57.45,398.0,True,0.14434673366834172,2024-03-11,False,False,False
2,202411,1263,avg_ticket,5265.4,287.0,True,18.346341463414632,2024-03-11,False,False,False
2,202412,1264,sales,8984.04,,False,8984.04,2024-03-18,False,False,False
2,202412,1264,visits,285.0,,False,285.0,2024-03-18,False,False,False
2,202412,1264,items_per_visit,574.16,393.0,True,1.4609669211195928,2024-03-18,False,False,False
2,202412,1264,conversion_rate,110.53,408.0,True,0.27090686274509806,2024-03-18,False,False,False
2,202412,1264,avg_ticket,4372.14,319.0,True,13.70576802507837,2024-03-18,False,False,False
3,202401,1253,sales,11668.33,,False,11668.33,2024-01-01,False,False,False
3,202401,1253,visits,600.0,,False,600.0,2024-01-01,False,False,False
3,202401,1253,items_per_visit,1226.84,609.0,True,2.0145155993431856,2024-01-01,False,False,False
3,202401,1253,conversion_rate,162.38,622.0,True,0.2610610932475884,2024-01-01,False,False,False
3,202401,1253,avg_ticket,9614.57,493.0,True,19.502170385395537,2024-01-01,False,False,False
3,202402,1254,sales,8361.91,,False,8361.91,2024-01-08,False,False,False
3,202402,1254,visits,397.0,,False,397.0,2024-01-08,False,False,False
3,202402,1254,items_per_visit,1547.98,483.0,True,3.2049275362318843,2024-01-08,False,False,False
3,202402,1254,conversion_rate,130.82,495.0,True,0.2642828282828283,2024-01-08,False,False,False
3,202402,1254,avg_ticket,7638.63,457.0,True,16.71472647702407,2024-01-08,False,False,False
3,202403,1255,sales,13600.88,,False,13600.88,2024-01-15,False,False,False
3,202403,1255,visits,405.0,,False,405.0,2024-01-15,False,False,False
3,202403,1255,items_per_visit,1408.41,599.0,True,2.35126878130217,2024-01-15,False,False,False
3,202403,1255,conversion_rate,191.06,637.0,True,0.29993720565149135,2024-01-15,False,False,False
3,202403,1255,avg_ticket,14355.07,541.0,True,26.534325323475045,2024-01-15,False,False,False
3,202404,1256,sales,8410.52,,False,8410.52,2024-01-22,False,False,False
3,202404,1256,visits,561.0,,False,561.0,2024-01-22,False,False,False
3,202404,1256,items_per_visit,1136.48,451.0,True,2.5199113082039912,2024-01-22,False,False,False
3,202404,1256,conversion_rate,204.19,536.0,True,0.3809514925373134,2024-01-22,False,False,False
3,202404,1256,avg_ticket,10097.62,473.0,True,21.34803382663848,2024-01-22,False,False,False
3,202405,1257,sales,13569.28,,False,13569.28,2024-01-29,False,False,False
3,202405,1257,visits,469.0,,False,469.0,2024-01-29,False,False,False
3,202405,1257,items_per_visit,1495.04,487.0,True,3.0698973305954826,2024-01-29,False,False,False
3,202405,1257,conversion_rate,189.48,492.0,True,0.38512195121951215,2024-01-29,False,False,False
3,202405,1257,avg_ticket,10114.94,475.0,True,21.29461052631579,2024-01-29,False,False,False
3,202406,1258,sales,7268.87,,False,7268.87,2024-02-05,False,False,False
3,202406,1258,visits,402.0,,False,402.0,2024-02-05,False,False,False
3,202406,1258,items_per_visit,1473.69,535.0,True,2.7545607476635516,2024-02-05,False,False,False
3,202406,1258,conversion_rate,158.29,409.0,True,0.3870171149144254,2024-02-05,False,False,False
3,202406,1258,avg_ticket,9129.2,471.0,True,19.38259023354565,2024-02-05,False,False,False
3,202407,1259,sales,10748.48,,False,10748.48,2024-02-12,False,False,False
3,202407,1259,visits,639.0,,False,639.0,2024-02-12,False,False,False
3,202407,1259,items_per_visit,1626.19,694.0,True,2.34321325648415,2024-02-12,False,False,False
3,202407,1259,conversion_rate,185.15,677.0,True,0.27348596750369275,2024-02-12,False,False,False
3,202407,1259,avg_ticket,13402.61,579.0,True,23.147858376511227,2024-02-12,False,False,False
3,202408,1260,sales,8972.82,,False,8972.82,2024-02-19,False,False,False
3,202408,1260,visits,671.0,,False,671.0,2024-02-19,False,False,False
3,202408,1260,items_per_visit,1622.23,688.0,True,2.357892441860465,2024-02-19,False,False,False
3,202408,1260,conversion_rate,194.36,574.0,True,0.33860627177700353,2024-02-19,False,False,False
3,202408,1260,avg_ticket,12574.37,650.0,True,19.345184615384618,2024-02-19,False,False,False
3,202409,1261,sales,10398.47,,False,10398.47,2024-02-26,False,False,False
3,202409,1261,visits,588.0,,False,588.0,2024-02-26,False,False,False
3,202409,1261,items_per_visit,1305.68,472.0,True,2.766271186440678,2024-02-26,False,False,False
3,202409,1261,conversion_rate,231.13,668.0,True,0.34600299401197604,2024-02-26,False,False,False
3,202409,1261,avg_ticket,9038.4,471.0,True,19.18980891719745,2024-02-26,False,False,False
3,202410,1262,sales,7908.54,,False,7908.54,2024-03-04,False,False,False
3,202410,1262,visits,1085.0,,False,1085.0,2024-03-04,True,True,True
3,202410,1262,items_per_visit,1538.01,621.0,True,2.4766666666666666,2024-03-04,False,False,False
3,202410,1262,conversion_rate,170.84,549.0,True,0.311183970856102,2024-03-04,False,False,False
3,202410,1262,avg_ticket,12293.55,597.0,True,20.59221105527638,2024-03-04,False,False,False
3,202411,1263,sales,11508.03,,False,11508.03,2024-03-11,False,False,False
3,202411,1263,visits,431.0,,False,431.0,2024-03-11,False,False,False
3,202411,1263,items_per_visit,918.91,481.0,True,1.9104158004158003,2024-03-11,False,False,False
3,202411,1263,conversion_rate,175.75,470.0,True,0.373936170212766,2024-03-11,False,False,False
3,202411,1263,avg_ticket,12593.07,598.0,True,21.05864548494983,2024-03-11,False,False,False
3,202412,1264,sales,13745.88,,False,13745.88,2024-03-18,False,False,False
3,202412,1264,visits,466.0,,False,466.0,2024-03-18,False,False,False
3,202412,1264,items_per_visit,1388.63,491.0,True,2.8281670061099797,2024-03-18,False,False,False
3,202412,1264,conversion_rate,152.53,504.0,True,0.3026388888888889,2024-03-18,False,False,False
3,202412,1264,avg_ticket,13200.37,578.0,True,22.83801038062284,2024-03-18,False,False,False
4,202401,1253,sales,11738.92,,False,11738.92,2024-01-01,False,False,False
4,202401,1253,visits,559.0,,False,559.0,2024-01-01,False,False,False
4,202401,1253,items_per_visit,980.83,433.0,True,2.2651963048498844,2024-01-01,False,False,False
4,202401,1253,conversion_rate,78.87,437.0,True,0.18048054919908468,2024-01-01,False,False,False
4,202401,1253,avg_ticket,10616.6,498.0,True,21.31847389558233,2024-01-01,False,False,False
4,202402,1254,sales,9590.91,,False,9590.91,2024-01-08,False,False,False
4,202402,1254,visits,572.0,,False,572.0,2024-01-08,False,False,False
4,202402,1254,items_per_visit,928.21,509.0,True,1.8235952848722987,2024-01-08,False,False,False
4,202402,1254,conversion_rate,125.5,412.0,True,0.30461165048543687,2024-01-08,False,False,False
4,202402,1254,avg_ticket,8583.23,386.0,True,22.236347150259068,2024-01-08,False,False,False
4,202403,1255,sales,6230.27,,False,6230.27,2024-01-15,False,False,False
4,202403,1255,visits,553.0,,False,553.0,2024-01-15,False,False,False
4,202403,1255,items_per_visit,1205.44,405.0,True,2.9763950617283954,2024-01-15,False,False,False
4,202403,1255,conversion_rate,142.58,382.0,True,0.37324607329842935,2024-01-15,False,False,False
4,202403,1255,avg_ticket,12670.24,545.0,True,23.248146788990827,2024-01-15,False,False,False
4,202404,1256,sales,7945.21,,False,7945.21,2024-01-22,False,False,False
4,202404,1256,visits,400.0,,False,400.0,2024-01-22,False,False,False
4,202404,1256,items_per_visit,752.65,343.0,True,2.1943148688046645,2024-01-22,False,False,False
4,202404,1256,conversion_rate,124.92,381.0,True,0.3278740157480315,2024-01-22,False,False,False
4,202404,1256,avg_ticket,7387.46,437.0,True,16.904942791762014,2024-01-22,False,False,False
4,202405,1257,sales,11380.89,,False,11380.89,2024-01-29,False,False,False
4,202405,1257,visits,348.0,,False,348.0,2024-01-29,False,False,False
4,202405,1257,items_per_visit,1348.25,583.0,True,2.312607204116638,2024-01-29,False,False,False
4,202405,1257,conversion_rate,123.91,397.0,True,0.3121158690176322,2024-01-29,False,False,False
4,202405,1257,avg_ticket,11295.89,496.0,True,22.773971774193548,2024-01-29,False,False,False
4,202406,1258,sales,7747.72,,False,7747.72,2024-02-05,False,False,False
4,202406,1258,visits,442.0,,False,442.0,2024-02-05,False,False,False
4,202406,1258,items_per_visit,768.3,434.0,True,1.7702764976958525,2024-02-05,False,False,False
4,202406,1258,conversion_rate,105.13,366.0,True,0.2872404371584699,2024-02-05,False,False,False
4,202406,1258,avg_ticket,7152.32,463.0,True,15.447775377969762,2024-02-05,False,False,False
4,202407,1259,sales,7571.52,,False,7571.52,2024-02-12,False,False,False
4,202407,1259,visits,465.0,,False,465.0,2024-02-12,False,False,False
4,202407,1259,items_per_visit,1053.19,567.0,True,1.857477954144621,2024-02-12,False,False,False
4,202407,1259,conversion_rate,158.24,431.0,True,0.36714617169373553,2024-02-12,False,False,False
4,202407,1259,avg_ticket,11834.28,497.0,True,23.81142857142857,2024-02-12,False,False,False
4,202408,1260,sales,12224.43,,False,12224.43,2024-02-19,False,False,False
4,202408,1260,visits,466.0,,False,466.0,2024-02-19,False,False,False
4,202408,1260,items_per_visit,1447.22,464.0,True,3.1190086206896552,2024-02-19,False,False,False
4,202408,1260,conversion_rate,127.27,467.0,True,0.27252676659528907,2024-02-19,False,False,False
4,202408,1260,avg_ticket,10261.04,430.0,True,23.862883720930235,2024-02-19,False,False,False
4,202409,1261,sales,10537.53,,False,10537.53,2024-02-26,False,False,False
4,202409,1261,visits,418.0,,False,418.0,2024-02-26,False,False,False
4,202409,1261,items_per_visit,946.09,470.0,True,2.0129574468085107,2024-02-26,False,False,False
4,202409,1261,conversion_rate,153.67,499.0,True,0.3079559118236473,2024-02-26,False,False,False
4,202409,1261,avg_ticket,7383.58,458.0,True,16.12135371179039,2024-02-26,False,False,False
4,202410,1262,sales,10419.12,,False,10419.12,2024-03-04,False,False,False
4,202410,1262,visits,561.0,,False,561.0,2024-03-04,False,False,False
4,202410,1262,items_per_visit,1006.97,365.0,True,2.7588219178082194,2024-03-04,False,False,False
4,202410,1262,conversion_rate,118.77,409.0,True,0.29039119804400976,2024-03-04,False,False,False
4,202410,1262,avg_ticket,8717.58,404.0,True,21.578168316831682,2024-03-04,False,False,False
4,202411,1263,sales,7011.77,,False,7011.77,2024-03-11,False,False,False
4,202411,1263,visits,364.0,,False,364.0,2024-03-11,False,False,False
4,202411,1263,items_per_visit,1236.36,469.0,True,2.6361620469083156,2024-03-11,False,False,False
4,202411,1263,conversion_rate,64.47,394.0,True,0.1636294416243655,2024-03-11,False,False,False
4,202411,1263,avg_ticket,8147.19,464.0,True,17.558599137931033,2024-03-11,False,False,False
4,202412,1264,sales,14182.25,,False,14182.25,2024-03-18,False,False,False
4,202412,1264,visits,321.0,,False,321.0,2024-03-18,False,False,False
4,202412,1264,items_per_visit,1064.6,367.0,True,2.9008174386920977,2024-03-18,False,False,False
4,202412,1264,conversion_rate,125.27,538.0,True,0.23284386617100372,2024-03-18,False,False,False
4,202412,1264,avg_ticket,8737.45,458.0,True,19.07740174672489,2024-03-18,False,False,False
5,202401,1253,sales,14092.49,,False,14092.49,2024-01-01,False,False,False
5,202401,1253,visits,724.0,,False,724.0,2024-01-01,False,False,False
5,202401,1253,items_per_visit,2171.48,564.0,True,3.850141843971631,2024-01-01,False,False,False
5,202401,1253,conversion_rate,200.13,511.0,True,0.39164383561643834,2024-01-01,False,False,False
5,202401,1253,avg_ticket,11744.18,558.0,True,21.046917562724015,2024-01-01,False,False,False
5,202402,1254,sales,15032.07,,False,15032.07,2024-01-08,False,False,False
5,202402,1254,visits,726.0,,False,726.0,2024-01-08,False,False,False
5,202402,1254,items_per_visit,1273.22,515.0,True,2.4722718446601943,2024-01-08,False,False,False
5,202402,1254,conversion_rate,226.69,744.0,True,0.30469086021505376,2024-01-08,False,False,False
5,202402,1254,avg_ticket,13840.24,596.0,True,23.221879194630873,2024-01-08,False,False,False
5,202403,1255,sales,12912.42,,False,12912.42,2024-01-15,False,False,False
5,202403,1255,visits,675.0,,False,675.0,2024-01-15,False,False,False
5,202403,1255,items_per_visit,1710.3,567.0,True,3.016402116402116,2024-01-15,False,False,False
5,202403,1255,conversion_rate,217.9,584.0,True,0.37311643835616437,2024-01-15,False,False,False
5,202403,1255,avg_ticket,13580.32,600.0,True,22.633866666666666,2024-01-15,False,False,False
5,202404,1256,sales,9947.66,,False,9947.66,2024-01-22,False,False,False
5,202404,1256,visits,638.0,,False,638.0,2024-01-22,False,False,False
5,202404,1256,items_per_visit,1785.11,633.0,True,2.820078988941548,2024-01-22,False,False,False
5,202404,1256,conversion_rate,141.14,550.0,True,0.2566181818181818,2024-01-22,False,False,False
5,202404,1256,avg_ticket,9197.11,456.0,True,20.169100877192985,2024-01-22,False,False,False
5,202405,1257,sales,10742.78,,False,10742.78,2024-01-29,False,False,False
5,202405,1257,visits,559.0,,False,559.0,2024-01-29,False,False,False
5,202405,1257,items_per_visit,1755.95,562.0,True,3.124466192170819,2024-01-29,False,False,False
5,202405,1257,conversion_rate,301.93,636.0,True,0.47473270440251575,2024-01-29,False,False,False
5,202405,1257,avg_ticket,17009.73,626.0,True,27.172092651757186,2024-01-29,False,False,False
5,202406,1258,sales,10055.5,,False,10055.5,2024-02-05,False,False,False
5,202406,1258,visits,720.0,,False,720.0,2024-02-05,False,False,False
5,202406,1258,items_per_visit,1229.93,525.0,True,2.3427238095238097,2024-02-05,False,False,False
5,202406,1258,conversion_rate,201.48,478.0,True,0.4215062761506276,2024-02-05,False,False,False
5,202406,1258,avg_ticket,12467.58,501.0,True,24.885389221556885,2024-02-05,False,False,False
5,202407,1259,sales,12494.16,,False,12494.16,2024-02-12,False,False,False
5,202407,1259,visits,693.0,,False,693.0,2024-02-12,False,False,False
5,202407,1259,items_per_visit,1857.52,581.0,True,3.1971084337349396,2024-02-12,False,False,False
5,202407,1259,conversion_rate,307.2,788.0,True,0.3898477157360406,2024-02-12,False,False,False
5,202407,1259,avg_ticket,19382.83,722.0,True,26.846024930747927,2024-02-12,False,False,False
5,202408,1260,sales,11610.6,,False,11610.6,2024-02-19,False,False,False
5,202408,1260,visits,664.0,,False,664.0,2024-02-19,False,False,False
5,202408,1260,items_per_visit,1918.53,668.0,True,2.8720508982035926,2024-02-19,False,False,False
5,202408,1260,conversion_rate,203.4,566.0,True,0.35936395759717316,2024-02-19,False,False,False
5,202408,1260,avg_ticket,24488.37,763.0,True,32.0948492791612,2024-02-19,False,False,False
5,202409,1261,sales,15597.44,,False,15597.44,2024-02-26,False,False,False
5,202409,1261,visits,784.0,,False,784.0,2024-02-26,False,False,False
5,202409,1261,items_per_visit,2081.17,589.0,True,3.53339558573854,2024-02-26,False,False,False
5,202409,1261,conversion_rate,275.63,624.0,True,0.4417147435897436,2024-02-26,False,False,False
5,202409,1261,avg_ticket,15515.23,634.0,True,24.471971608832806,2024-02-26,False,False,False
5,202410,1262,sales,11581.41,,False,11581.41,2024-03-04,False,False,False
5,202410,1262,visits,184.0,,False,184.0,2024-03-04,False,False,False
5,202410,1262,items_per_visit,2069.82,563.0,True,3.6764120781527536,2024-03-04,False,False,False
5,202410,1262,conversion_rate,211.77,501.0,True,0.4226946107784431,2024-03-04,False,False,False
5,202410,1262,avg_ticket,13145.46,587.0,True,22.394310051107325,2024-03-04,False,False,False
5,202411,1263,sales,10260.91,,False,10260.91,2024-03-11,False,False,False
5,202411,1263,visits,547.0,,False,547.0,2024-03-11,False,False,False
5,202411,1263,items_per_visit,1789.22,537.0,True,3.331880819366853,2024-03-11,False,False,False
5,202411,1263,conversion_rate,169.04,618.0,True,0.2735275080906149,2024-03-11,False,False,False
5,202411,1263,avg_ticket,13695.92,593.0,True,23.095986509274873,2024-03-11,False,False,False
5,202412,1264,sales,12007.44,,False,12007.44,2024-03-18,False,False,False
5,202412,1264,visits,607.0,,False,607.0,2024-03-18,False,False,False
5,202412,1264,items_per_visit,1819.39,667.0,True,2.727721139430285,2024-03-18,False,False,False
5,202412,1264,conversion_rate,186.53,625.0,True,0.298448,2024-03-18,False,False,False
5,202412,1264,avg_ticket,19574.12,689.0,True,28.409462989840346,2024-03-18,False,False,False
6,202401,1253,sales,8404.43,,False,8404.43,2024-01-01,False,False,False
6,202401,1253,visits,484.0,,False,484.0,2024-01-01,False,False,False
6,202401,1253,items_per_visit,905.96,440.0,True,2.059,2024-01-01,False,False,False
6,202401,1253,conversion_rate,88.84,442.0,True,0.20099547511312219,2024-01-01,False,False,False
6,202401,1253,avg_ticket,9518.6,482.0,True,19.748132780082987,2024-01-01,False,False,False
6,202402,1254,sales,12379.12,,False,12379.12,2024-01-08,False,False,False
6,202402,1254,visits,334.0,,False,334.0,2024-01-08,False,False,False
6,202402,1254,items_per_visit,1010.95,489.0,True,2.067382413087935,2024-01-08,False,False,False
6,202402,1254,conversion_rate,158.63,550.0,True,0.2884181818181818,2024-01-08,False,False,False
6,202402,1254,avg_ticket,8278.65,509.0,True,16.264538310412572,2024-01-08,False,False,False
6,202403,1255,sales,7423.52,,False,7423.52,2024-01-15,False,False,False
6,202403,1255,visits,528.0,,False,528.0,2024-01-15,False,False,False
6,202403,1255,items_per_visit,1123.98,522.0,True,2.153218390804598,2024-01-15,False,False,False
6,202403,1255,conversion_rate,110.4,424.0,True,0.26037735849056604,2024-01-15,False,False,False
6,202403,1255,avg_ticket,8388.75,396.0,True,21.18371212121212,2024-01-15,False,False,False
6,202404,1256,sales,7148.54,,False,7148.54,2024-01-22,False,False,False
6,202404,1256,visits,443.0,,False,443.0,2024-01-22,False,False,False
6,202404,1256,items_per_visit,1064.87,444.0,True,2.3983558558558555,2024-01-22,False,False,False
6,202404,1256,conversion_rate,67.81,371.0,True,0.18277628032345014,2024-01-22,False,False,False
6,202404,1256,avg_ticket,6955.43,419.0,True,16.600071599045346,2024-01-22,False,False,False
6,202405,1257,sales,8484.24,,False,8484.24,2024-01-29,False,False,False
6,202405,1257,visits,614.0,,False,614.0,2024-01-29,False,False,False
6,202405,1257,items_per_visit,1336.08,463.0,True,2.8857019438444924,2024-01-29,False,False,False
6,202405,1257,conversion_rate,175.53,531.0,True,0.3305649717514124,2024-01-29,False,False,False
6,202405,1257,avg_ticket,12135.71,540.0,True,22.473537037037037,2024-01-29,False,False,False
6,202406,1258,sales,9558.94,,False,9558.94,2024-02-05,False,False,False
6,202406,1258,visits,373.0,,False,373.0,2024-02-05,False,False,False
6,202406,1258,items_per_visit,1446.81,519.0,True,2.7876878612716762,2024-02-05,False,False,False
6,202406,1258,conversion_rate,112.95,497.0,True,0.2272635814889336,2024-02-05,False,False,False
6,202406,1258,avg_ticket,7118.34,429.0,True,16.592867132867134,2024-02-05,False,False,False
6,202407,1259,sales,9185.55,,False,9185.55,2024-02-12,False,False,False
6,202407,1259,visits,438.0,,False,438.0,2024-02-12,False,False,False
6,202407,1259,items_per_visit,1098.92,483.0,True,2.2751966873706007,2024-02-12,False,False,False
6,202407,1259,conversion_rate,227.07,623.0,True,0.3644783306581059,2024-02-12,False,False,False
6,202407,1259,avg_ticket,14103.23,583.0,True,24.190789022298457,2024-02-12,False,False,False
6,202408,1260,sales,9267.9,,False,9267.9,2024-02-19,False,False,False
6,202408,1260,visits,573.0,,False,573.0,2024-02-19,False,False,False
6,202408,1260,items_per_visit,1158.58,508.0,True,2.2806692913385826,2024-02-19,False,False,False
6,202408,1260,conversion_rate,159.47,509.0,True,0.31330058939096267,2024-02-19,False,False,False
6,202408,1260,avg_ticket,11827.73,563.0,True,21.008401420959146,2024-02-19,False,False,False
6,202409,1261,sales,12137.01,,False,12137.01,2024-02-26,False,False,False
6,202409,1261,visits,468.0,,False,468.0,2024-02-26,False,False,False
6,202409,1261,items_per_visit,157.17,474.0,True,0.3315822784810126,2024-02-26,True,False,True
6,202409,1261,conversion_rate,223.08,569.0,True,0.39205623901581726,2024-02-26,False,False,False
6,202409,1261,avg_ticket,8541.35,431.0,True,19.817517401392113,2024-02-26,False,False,False
6,202410,1262,sales,7902.87,,False,7902.87,2024-03-04,False,False,False
6,202410,1262,visits,522.0,,False,522.0,2024-03-04,False,False,False
6,202410,1262,items_per_visit,1421.93,562.0,True,2.5301245551601426,2024-03-04,False,False,False
6,202410,1262,conversion_rate,176.68,518.0,True,0.3410810810810811,2024-03-04,False,False,False
6,202410,1262,avg_ticket,8852.66,481.0,True,18.404698544698544,2024-03-04,False,False,False
6,202411,1263,sales,10978.97,,False,10978.97,2024-03-11,False,False,False
6,202411,1263,visits,416.0,,False,416.0,2024-03-11,False,False,False
6,202411,1263,items_per_visit,1203.0,466.0,True,2.5815450643776825,2024-03-11,False,False,False
6,202411,1263,conversion_rate,135.53,504.0,True,0.2689087301587302,2024-03-11,False,False,False
6,202411,1263,avg_ticket,8956.59,386.0,True,23.20360103626943,2024-03-11,False,False,False
6,202412,1264,sales,9143.54,,False,9143.54,2024-03-18,False,False,False
6,202412,1264,visits,429.0,,False,429.0,2024-03-18,False,False,False
6,202412,1264,items_per_visit,1503.55,547.0,True,2.7487202925045704,2024-03-18,False,False,False
6,202412,1264,conversion_rate,157.68,404.0,True,0.3902970297029703,2024-03-18,False,False,False
6,202412,1264,avg_ticket,8251.39,496.0,True,16.635866935483868,2024-03-18,False,False,False
7,202401,1253,sales,10133.51,,False,10133.51,2024-01-01,False,False,False
7,202401,1253,visits,547.0,,False,547.0,2024-01-01,False,False,False
7,202401,1253,items_per_visit,1239.7,583.0,True,2.1264150943396225,2024-01-01,False,False,False
7,202401,1253,conversion_rate,184.38,524.0,True,0.3518702290076336,2024-01-01,False,False,False
7,202401,1253,avg_ticket,12131.69,484.0,True,25.06547520661157,2024-01-01,False,False,False
7,202402,1254,sales,11355.92,,False,11355.92,2024-01-08,False,False,False
7,202402,1254,visits,631.0,,False,631.0,2024-01-08,False,False,False
7,202402,1254,items_per_visit,1620.55,571.0,True,2.838091068301226,2024-01-08,False,False,False
7,202402,1254,conversion_rate,168.8,538.0,True,0.3137546468401487,2024-01-08,False,False,False
7,202402,1254,avg_ticket,10927.7,500.0,True,21.855400000000003,2024-01-08,False,False,False
7,202403,1255,sales,11984.34,,False,11984.34,2024-01-15,False,False,False
7,202403,1255,visits,519.0,,False,519.0,2024-01-15,False,False,False
7,202403,1255,items_per_visit,1424.96,482.0,True,2.9563485477178424,2024-01-15,False,False,False
7,202403,1255,conversion_rate,171.43,475.0,True,0.36090526315789473,2024-01-15,False,False,False
7,202403,1255,avg_ticket,11681.24,495.0,True,23.598464646464645,2024-01-15,False,False,False
7,202404,1256,sales,7355.17,,False,7355.17,2024-01-22,False,False,False
7,202404,1256,visits,525.0,,False,525.0,2024-01-22,False,False,False
7,202404,1256,items_per_visit,197.21,535.0,True,0.36861682242990657,2024-01-22,True,False,True
7,202404,1256,conversion_rate,118.75,466.0,True,0.2548283261802575,2024-01-22,False,False,False
7,202404,1256,avg_ticket,10461.92,458.0,True,22.842620087336243,2024-01-22,False,False,False
7,202405,1257,sales,12884.07,,False,12884.07,2024-01-29,False,False,False
7,202405,1257,visits,444.0,,False,444.0,2024-01-29,False,False,False
7,202405,1257,items_per_visit,1528.9,582.0,True,2.626975945017182,2024-01-29,False,False,False
7,202405,1257,conversion_rate,198.05,668.0,True,0.2964820359281437,2024-01-29,False,False,False
7,202405,1257,avg_ticket,13347.86,507.0,True,26.327140039447734,2024-01-29,False,False,False
7,202406,1258,sales,12018.47,,False,12018.47,2024-02-05,False,False,False
7,202406,1258,visits,465.0,,False,465.0,2024-02-05,False,False,False
7,202406,1258,items_per_visit,1159.13,539.0,True,2.1505194805194807,2024-02-05,False,False,False
7,202406,1258,conversion_rate,165.11,466.0,True,0.35431330472103006,2024-02-05,False,False,False
7,202406,1258,avg_ticket,6768.05,430.0,True,15.739651162790699,2024-02-05,False,False,False
7,202407,1259,sales,11557.01,,False,11557.01,2024-02-12,False,False,False
7,202407,1259,visits,679.0,,False,679.0,2024-02-12,False,False,False
7,202407,1259,items_per_visit,1947.3,569.0,True,3.42231985940246,2024-02-12,False,False,False
7,202407,1259,conversion_rate,234.31,540.0,True,0.4339074074074074,2024-02-12,False,False,False
7,202407,1259,avg_ticket,15946.49,596.0,True,26.755855704697986,2024-02-12,False,False,False
7,202408,1260,sales,11784.39,,False,11784.39,2024-02-19,False,False,False
7,202408,1260,visits,481.0,,False,481.0,2024-02-19,False,False,False
7,202408,1260,items_per_visit,1645.27,544.0,True,3.024393382352941,2024-02-19,False,False,False
7,202408,1260,conversion_rate,205.89,572.0,True,0.35994755244755244,2024-02-19,False,False,False
7,202408,1260,avg_ticket,18654.29,667.0,True,27.96745127436282,2024-02-19,False,False,False
7,202409,1261,sales,12265.76,,False,12265.76,2024-02-26,False,False,False
7,202409,1261,visits,457.0,,False,457.0,2024-02-26,False,False,False
7,202409,1261,items_per_visit,1710.56,516.0,True,3.3150387596899225,2024-02-26,False,False,False
7,202409,1261,conversion_rate,235.49,630.0,True,0.3737936507936508,2024-02-26,False,False,False
7,202409,1261,avg_ticket,9819.19,455.0,True,21.580637362637365,2024-02-26,False,False,False
7,202410,1262,sales,9139.41,,False,9139.41,2024-03-04,False,False,False
7,202410,1262,visits,545.0,,False,545.0,2024-03-04,False,False,False
7,202410,1262,items_per_visit,1336.92,564.0,True,2.370425531914894,2024-03-04,False,False,False
7,202410,1262,conversion_rate,141.77,550.0,True,0.25776363636363636,2024-03-04,False,False,False
7,202410,1262,avg_ticket,15585.92,635.0,True,24.54475590551181,2024-03-04,False,False,False
7,202411,1263,sales,10209.93,,False,10209.93,2024-03-11,False,False,False
7,202411,1263,visits,426.0,,False,426.0,2024-03-11,False,False,False
7,202411,1263,items_per_visit,1763.27,556.0,True,3.171348920863309,2024-03-11,False,False,False
7,202411,1263,conversion_rate,27.5,433.0,True,0.06351039260969978,2024-03-11,True,False,True
7,202411,1263,avg_ticket,13070.74,532.0,True,24.56906015037594,2024-03-11,False,False,False
7,202412,1264,sales,8858.55,,False,8858.55,2024-03-18,False,False,False
7,202412,1264,visits,524.0,,False,524.0,2024-03-18,False,False,False
7,202412,1264,items_per_visit,1361.78,643.0,True,2.1178538102643856,2024-03-18,False,False,False
7,202412,1264,conversion_rate,142.39,574.0,True,0.2480662020905923,2024-03-18,False,False,False
7,202412,1264,avg_ticket,15816.66,603.0,True,26.229950248756218,2024-03-18,False,False,False
8,202401,1253,sales,8668.18,,False,8668.18,2024-01-01,False,False,False
8,202401,1253,visits,524.0,,False,524.0,2024-01-01,False,False,False
8,202401,1253,items_per_visit,1543.34,650.0,True,2.3743692307692306,2024-01-01,False,False,False
8,202401,1253,conversion_rate,215.67,610.0,True,0.35355737704918033,2024-01-01,False,False,False
8,202401,1253,avg_ticket,8897.83,462.0,True,19.259372294372294,2024-01-01,False,False,False
8,202402,1254,sales,10724.97,,False,10724.97,2024-01-08,False,False,False
8,202402,1254,visits,521.0,,False,521.0,2024-01-08,False,False,False
8,202402,1254,items_per_visit,1647.6,502.0,True,3.28207171314741,2024-01-08,False,False,False
8,202402,1254,conversion_rate,181.64,603.0,True,0.3012271973466003,2024-01-08,False,False,False
8,202402,1254,avg_ticket,13693.03,654.0,True,20.937354740061163,2024-01-08,False,False,False
8,202403,1255,sales,11554.78,,False,11554.78,2024-01-15,False,False,False
8,202403,1255,visits,675.0,,False,675.0,2024-01-15,False,False,False
8,202403,1255,items_per_visit,2026.61,652.0,True,3.10829754601227,2024-01-15,False,False,False
8,202403,1255,conversion_rate,220.89,583.0,True,0.37888507718696396,2024-01-15,False,False,False
8,202403,1255,avg_ticket,13904.33,507.0,True,27.42471400394477,2024-01-15,False,False,False
8,202404,1256,sales,11240.13,,False,11240.13,2024-01-22,False,False,False
8,202404,1256,visits,406.0,,False,406.0,2024-01-22,False,False,False
8,202404,1256,items_per_visit,997.51,536.0,True,1.8610261194029851,2024-01-22,False,False,False
8,202404,1256,conversion_rate,180.86,557.0,True,0.3247037701974866,2024-01-22,False,False,False
8,202404,1256,avg_ticket,11732.23,523.0,True,22.432562141491395,2024-01-22,False,False,False
8,202405,1257,sales,14489.63,,False,14489.63,2024-01-29,False,False,False
8,202405,1257,visits,764.0,,False,764.0,2024-01-29,False,False,False
8,202405,1257,items_per_visit,2080.51,573.0,True,3.630907504363002,2024-01-29,False,False,False
8,202405,1257,conversion_rate,193.61,545.0,True,0.35524770642201836,2024-01-29,False,False,False
8,202405,1257,avg_ticket,14401.53,716.0,True,20.1138687150838,2024-01-29,False,False,False
8,202406,1258,sales,13165.62,,False,13165.62,2024-02-05,False,False,False
8,202406,1258,visits,673.0,,False,673.0,2024-02-05,False,False,False
8,202406,1258,items_per_visit,1271.58,528.0,True,2.4082954545454545,2024-02-05,False,False,False
8,202406,1258,conversion_rate,160.35,534.0,True,0.30028089887640447,2024-02-05,False,False,False
8,202406,1258,avg_ticket,11932.44,603.0,True,19.78845771144279,2024-02-05,False,False,False
8,202407,1259,sales,13101.36,,False,13101.36,2024-02-12,False,False,False
8,202407,1259,visits,620.0,,False,620.0,2024-02-12,False,False,False
8,202407,1259,items_per_visit,1722.87,514.0,True,3.351887159533074,2024-02-12,False,False,False
8,202407,1259,conversion_rate,307.94,710.0,True,0.43371830985915494,2024-02-12,False,False,False
8,202407,1259,avg_ticket,18628.71,728.0,True,25.58888736263736,2024-02-12,False,False,False
8,202408,1260,sales,10347.43,,False,10347.43,2024-02-19,False,False,False
8,202408,1260,visits,534.0,,False,534.0,2024-02-19,False,False,False
8,202408,1260,items_per_visit,1515.35,553.0,True,2.7402350813743217,2024-02-19,False,False,False
8,202408,1260,conversion_rate,198.01,688.0,True,0.2878052325581395,2024-02-19,False,False,False
8,202408,1260,avg_ticket,15937.04,682.0,True,23.36809384164223,2024-02-19,False,False,False
8,202409,1261,sales,10030.22,,False,10030.22,2024-02-26,False,False,False
8,202409,1261,visits,578.0,,False,578.0,2024-02-26,False,False,False
8,202409,1261,items_per_visit,1706.41,491.0,True,3.4753767820773933,2024-02-26,False,False,False
8,202409,1261,conversion_rate,141.5,514.0,True,0.27529182879377434,2024-02-26,False,False,False
8,202409,1261,avg_ticket,16296.98,687.0,True,23.721950509461426,2024-02-26,False,False,False
8,202410,1262,sales,12395.04,,False,12395.04,2024-03-04,False,False,False
8,202410,1262,visits,613.0,,False,613.0,2024-03-04,False,False,False
8,202410,1262,items_per_visit,2105.6,661.0,True,3.1854765506807867,2024-03-04,False,False,False
8,202410,1262,conversion_rate,130.75,516.0,True,0.25339147286821706,2024-03-04,False,False,False
8,202410,1262,avg_ticket,14929.31,640.0,True,23.327046875,2024-03-04,False,False,False
8,202411,1263,sales,13355.01,,False,13355.01,2024-03-11,False,False,False
8,202411,1263,visits,568.0,,False,568.0,2024-03-11,False,False,False
8,202411,1263,items_per_visit,1289.42,508.0,True,2.5382283464566933,2024-03-11,False,False,False
8,202411,1263,conversion_rate,167.49,554.0,True,0.30232851985559567,2024-03-11,False,False,False
8,202411,1263,avg_ticket,11226.37,450.0,True,24.94748888888889,2024-03-11,False,False,False
8,202412,1264,sales,11473.9,,False,11473.9,2024-03-18,False,False,False
8,202412,1264,visits,484.0,,False,484.0,2024-03-18,False,False,False
8,202412,1264,items_per_visit,1946.08,691.0,True,2.816324167872648,2024-03-18,False,False,False
8,202412,1264,conversion_rate,165.86,567.0,True,0.2925220458553792,2024-03-18,False,False,False
8,202412,1264,avg_ticket,13601.61,550.0,True,24.7302,2024-03-18,False,False,False
9,202401,1253,sales,10108.85,,False,10108.85,2024-01-01,False,False,False
9,202401,1253,visits,385.0,,False,385.0,2024-01-01,False,False,False
9,202401,1253,items_per_visit,687.92,420.0,True,1.6379047619047618,2024-01-01,False,False,False
9,202401,1253,conversion_rate,153.86,458.0,True,0.335938864628821,2024-01-01,False,False,False
9,202401,1253,avg_ticket,4992.78,392.0,True,12.736683673469386,2024-01-01,False,False,False
9,202402,1254,sales,8473.2,,False,8473.2,2024-01-08,False,False,False
9,202402,1254,visits,399.0,,False,399.0,2024-01-08,False,False,False
9,202402,1254,items_per_visit,1710.5,395.0,True,4.330379746835443,2024-01-08,True,False,True
9,202402,1254,conversion_rate,72.0,444.0,True,0.16216216216216217,2024-01-08,False,False,False
9,202402,1254,avg_ticket,5857.3,346.0,True,16.928612716763006,2024-01-08,False,False,False
9,202403,1255,sales,6838.1,,False,6838.1,2024-01-15,False,False,False
9,202403,1255,visits,355.0,,False,355.0,2024-01-15,False,False,False
9,202403,1255,items_per_visit,1325.62,517.0,True,2.564061895551257,2024-01-15,False,False,False
9,202403,1255,conversion_rate,91.38,382.0,True,0.23921465968586386,2024-01-15,False,False,False
9,202403,1255,avg_ticket,10701.24,513.0,True,20.860116959064328,2024-01-15,False,False,False
9,202404,1256,sales,4833.53,,False,4833.53,2024-01-22,False,False,False
9,202404,1256,visits,459.0,,False,459.0,2024-01-22,False,False,False
9,202404,1256,items_per_visit,843.16,414.0,True,2.0366183574879226,2024-01-22,False,False,False
9,202404,1256,conversion_rate,59.75,330.0,True,0.18106060606060606,2024-01-22,False,False,False
9,202404,1256,avg_ticket,5909.4,369.0,True,16.01463414634146,2024-01-22,False,False,False
9,202405,1257,sales,11737.42,,False,11737.42,2024-01-29,False,False,False
9,202405,1257,visits,412.0,,False,412.0,2024-01-29,False,False,False
9,202405,1257,items_per_visit,1155.32,420.0,True,2.7507619047619047,2024-01-29,False,False,False
9,202405,1257,conversion_rate,109.67,401.0,True,0.27349127182044886,2024-01-29,False,False,False
9,202405,1257,avg_ticket,7360.32,441.0,True,16.690068027210884,2024-01-29,False,False,False
9,202406,1258,sales,9070.35,,False,9070.35,2024-02-05,False,False,False
9,202406,1258,visits,522.0,,False,522.0,2024-02-05,False,False,False
9,202406,1258,items_per_visit,722.22,471.0,True,1.533375796178344,2024-02-05,False,False,False
9,202406,1258,conversion_rate,84.71,343.0,True,0.24696793002915451,2024-02-05,False,False,False
9,202406,1258,avg_ticket,5848.72,407.0,True,14.37031941031941,2024-02-05,False,False,False
9,202407,1259,sales,7441.0,,False,7441.0,2024-02-12,False,False,False
9,202407,1259,visits,312.0,,False,312.0,2024-02-12,False,False,False
9,202407,1259,items_per_visit,795.39,520.0,True,1.5295961538461538,2024-02-12,False,False,False
9,202407,1259,conversion_rate,145.87,400.0,True,0.364675,2024-02-12,False,False,False
9,202407,1259,avg_ticket,6628.08,480.0,True,13.8085,2024-02-12,False,False,False
9,202408,1260,sales,10904.21,,False,10904.21,2024-02-19,False,False,False
9,202408,1260,visits,573.0,,False,573.0,2024-02-19,False,False,False
9,202408,1260,items_per_visit,748.93,469.0,True,1.5968656716417908,2024-02-19,False,False,False
9,202408,1260,conversion_rate,141.67,511.0,True,0.27724070450097843,2024-02-19,False,False,False
9,202408,1260,avg_ticket,9288.44,464.0,True,20.018189655172414,2024-02-19,False,False,False
9,202409,1261,sales,6926.6,,False,6926.6,2024-02-26,False,False,False
9,202409,1261,visits,302.0,,False,302.0,2024-02-26,False,False,False
9,202409,1261,items_per_visit,902.89,356.0,True,2.536207865168539,2024-02-26,False,False,False
9,202409,1261,conversion_rate,82.83,474.0,True,0.17474683544303798,2024-02-26,False,False,False
9,202409,1261,avg_ticket,8243.79,504.0,True,16.35672619047619,2024-02-26,False,False,False
9,202410,1262,sales,8802.5,,False,8802.5,2024-03-04,False,False,False
9,202410,1262,visits,315.0,,False,315.0,2024-03-04,False,False,False
9,202410,1262,items_per_visit,996.15,416.0,True,2.394591346153846,2024-03-04,False,False,False
9,202410,1262,conversion_rate,68.43,398.0,True,0.17193467336683418,2024-03-04,False,False,False
9,202410,1262,avg_ticket,5223.65,364.0,True,14.350686813186812,2024-03-04,False,False,False
9,202411,1263,sales,6931.96,,False,6931.96,2024-03-11,False,False,False
9,202411,1263,visits,551.0,,False,551.0,2024-03-11,False,False,False
9,202411,1263,items_per_visit,763.71,361.0,True,2.1155401662049864,2024-03-11,False,False,False
9,202411,1263,conversion_rate,66.16,337.0,True,0.19632047477744807,2024-03-11,False,False,False
9,202411,1263,avg_ticket,9446.04,458.0,True,20.624541484716158,2024-03-11,False,False,False
9,202412,1264,sales,6045.05,,False,6045.05,2024-03-18,False,False,False
9,202412,1264,visits,456.0,,False,456.0,2024-03-18,False,False,False
9,202412,1264,items_per_visit,1234.7,441.0,True,2.7997732426303856,2024-03-18,False,False,False
9,202412,1264,conversion_rate,139.88,440.0,True,0.3179090909090909,2024-03-18,False,False,False
9,202412,1264,avg_ticket,6275.15,347.0,True,18.08400576368876,2024-03-18,False,False,False
10,202401,1253,sales,6025.42,,False,6025.42,2024-01-01,False,False,False
10,202401,1253,visits,507.0,,False,507.0,2024-01-01,False,False,False
10,202401,1253,items_per_visit,1120.5,504.0,True,2.2232142857142856,2024-01-01,False,False,False
10,202401,1253,conversion_rate,118.85,362.0,True,0.3283149171270718,2024-01-01,False,False,False
10,202401,1253,avg_ticket,9427.89,495.0,True,19.046242424242422,2024-01-01,False,False,False
10,202402,1254,sales,7392.66,,False,7392.66,2024-01-08,False,False,False
10,202402,1254,visits,558.0,,False,558.0,2024-01-08,False,False,False
10,202402,1254,items_per_visit,1266.88,483.0,True,2.622939958592133,2024-01-08,False,False,False
10,202402,1254,conversion_rate,80.33,373.0,True,0.21536193029490616,2024-01-08,False,False,False
10,202402,1254,avg_ticket,6133.6,440.0,True,13.940000000000001,2024-01-08,False,False,False
10,202403,1255,sales,10987.24,,False,10987.24,2024-01-15,False,False,False
10,202403,1255,visits,313.0,,False,313.0,2024-01-15,False,False,False
10,202403,1255,items_per_visit,1383.01,491.0,True,2.8167209775967414,2024-01-15,False,False,False
10,202403,1255,conversion_rate,93.01,408.0,True,0.2279656862745098,2024-01-15,False,False,False
10,202403,1255,avg_ticket,8965.34,454.0,True,19.747444933920704,2024-01-15,False,False,False
10,202404,1256,sales,10142.3,,False,10142.3,2024-01-22,False,False,False
10,202404,1256,visits,478.0,,False,478.0,2024-01-22,False,False,False
10,202404,1256,items_per_visit,824.16,327.0,True,2.5203669724770643,2024-01-22,False,False,False
10,202404,1256,conversion_rate,142.81,426.0,True,0.33523474178403756,2024-01-22,False,False,False
10,202404,1256,avg_ticket,5260.82,456.0,True,11.53688596491228,2024-01-22,False,False,False
10,202405,1257,sales,9048.48,,False,9048.48,2024-01-29,False,False,False
10,202405,1257,visits,466.0,,False,466.0,2024-01-29,False,False,False
10,202405,1257,items_per_visit,1189.68,419.0,True,2.839331742243437,2024-01-29,False,False,False
10,202405,1257,conversion_rate,121.19,423.0,True,0.28650118203309693,2024-01-29,False,False,False
10,202405,1257,avg_ticket,9169.53,387.0,True,23.69387596899225,2024-01-29,False,False,False
10,202406,1258,sales,7013.33,,False,7013.33,2024-02-05,False,False,False
10,202406,1258,visits,289.0,,False,289.0,2024-02-05,False,False,False
10,202406,1258,items_per_visit,702.59,366.0,True,1.9196448087431695,2024-02-05,False,False,False
10,202406,1258,conversion_rate,101.78,405.0,True,0.25130864197530867,2024-02-05,False,False,False
10,202406,1258,avg_ticket,6630.21,362.0,True,18.315497237569062,2024-02-05,False,False,False
10,202407,1259,sales,11634.64,,False,11634.64,2024-02-12,False,False,False
10,202407,1259,visits,619.0,,False,619.0,2024-02-12,False,False,False
10,202407,1259,items_per_visit,1134.22,512.0,True,2.2152734375,2024-02-12,False,False,False
10,202407,1259,conversion_rate,160.71,528.0,True,0.304375,2024-02-12,False,False,False
10,202407,1259,avg_ticket,7599.37,449.0,True,16.92510022271715,2024-02-12,False,False,False
10,202408,1260,sales,6555.09,,False,6555.09,2024-02-19,False,False,False
10,202408,1260,visits,562.0,,False,562.0,2024-02-19,False,False,False
10,202408,1260,items_per_visit,1400.43,452.0,True,3.098296460176991,2024-02-19,False,False,False
10,202408,1260,conversion_rate,155.88,488.0,True,0.3194262295081967,2024-02-19,False,False,False
10,202408,1260,avg_ticket,10199.41,479.0,True,21.293131524008352,2024-02-19,False,False,False
10,202409,1261,sales,9021.94,,False,9021.94,2024-02-26,False,False,False
10,202409,1261,visits,336.0,,False,336.0,2024-02-26,False,False,False
10,202409,1261,items_per_visit,1531.69,524.0,True,2.9230725190839695,2024-02-26,False,False,False
10,202409,1261,conversion_rate,98.7,459.0,True,0.2150326797385621,2024-02-26,False,False,False
10,202409,1261,avg_ticket,8365.63,438.0,True,19.099611872146117,2024-02-26,False,False,False
10,202410,1262,sales,6973.08,,False,6973.08,2024-03-04,False,False,False
10,202410,1262,visits,472.0,,False,472.0,2024-03-04,False,False,False
10,202410,1262,items_per_visit,670.03,372.0,True,1.8011559139784945,2024-03-04,False,False,False
10,202410,1262,conversion_rate,84.31,377.0,True,0.22363395225464192,2024-03-04,False,False,False
10,202410,1262,avg_ticket,10147.85,505.0,True,20.094752475247525,2024-03-04,False,False,False
10,202411,1263,sales,7916.86,,False,7916.86,2024-03-11,False,False,False
10,202411,1263,visits,472.0,,False,472.0,2024-03-11,False,False,False
10,202411,1263,items_per_visit,886.94,448.0,True,1.9797767857142858,2024-03-11,False,False,False
10,202411,1263,conversion_rate,124.34,439.0,True,0.2832346241457859,2024-03-11,False,False,False
10,202411,1263,avg_ticket,7693.92,478.0,True,16.096066945606694,2024-03-11,False,False,False
10,202412,1264,sales,11636.65,,False,11636.65,2024-03-18,False,False,False
10,202412,1264,visits,372.0,,False,372.0,2024-03-18,False,False,False
10,202412,1264,items_per_visit,759.34,469.0,True,1.6190618336886995,2024-03-18,False,False,False
10,202412,1264,conversion_rate,112.51,487.0,True,0.23102669404517454,2024-03-18,False,False,False
10,202412,1264,avg_ticket,6643.61,496.0,True,13.394375,2024-03-18,False,False,False
11,202401,1253,sales,8182.54,,False,8182.54,2024-01-01,False,False,False
11,202401,1253,visits,484.0,,False,484.0,2024-01-01,False,False,False
11,202401,1253,items_per_visit,843.75,395.0,True,2.1360759493670884,2024-01-01,False,False,False
11,202401,1253,conversion_rate,140.48,497.0,True,0.2826559356136821,2024-01-01,False,False,False
11,202401,1253,avg_ticket,8104.35,480.0,True,16.884062500000002,2024-01-01,False,False,False
11,202402,1254,sales,8927.13,,False,8927.13,2024-01-08,False,False,False
11,202402,1254,visits,316.0,,False,316.0,2024-01-08,False,False,False
11,202402,1254,items_per_visit,993.21,478.0,True,2.077845188284519,2024-01-08,False,False,False
11,202402,1254,conversion_rate,101.23,434.0,True,0.2332488479262673,2024-01-08,False,False,False
11,202402,1254,avg_ticket,11049.0,506.0,True,21.83596837944664,2024-01-08,False,False,False
11,202403,1255,sales,9281.97,,False,9281.97,2024-01-15,False,False,False
11,202403,1255,visits,547.0,,False,547.0,2024-01-15,False,False,False
11,202403,1255,items_per_visit,976.39,412.0,True,2.369878640776699,2024-01-15,False,False,False
11,202403,1255,conversion_rate,69.32,380.0,True,0.18242105263157893,2024-01-15,False,False,False
11,202403,1255,avg_ticket,7403.17,471.0,True,15.717983014861996,2024-01-15,False,False,False
11,202404,1256,sales,7997.8,,False,7997.8,2024-01-22,False,False,False
11,202404,1256,visits,456.0,,False,456.0,2024-01-22,False,False,False
11,202404,1256,items_per_visit,606.56,424.0,True,1.430566037735849,2024-01-22,False,False,False
11,202404,1256,conversion_rate,103.96,370.0,True,0.28097297297297297,2024-01-22,False,False,False
11,202404,1256,avg_ticket,5982.79,412.0,True,14.52133495145631,2024-01-22,False,False,False
11,202405,1257,sales,10585.4,,False,10585.4,2024-01-29,False,False,False
11,202405,1257,visits,548.0,,False,548.0,2024-01-29,False,False,False
11,202405,1257,items_per_visit,766.06,426.0,True,1.7982629107981218,2024-01-29,False,False,False
11,202405,1257,conversion_rate,123.93,540.0,True,0.2295,2024-01-29,False,False,False
11,202405,1257,avg_ticket,9700.37,547.0,True,17.733765996343696,2024-01-29,False,False,False
11,202406,1258,sales,5470.36,,False,5470.36,2024-02-05,False,False,False
11,202406,1258,visits,293.0,,False,293.0,2024-02-05,False,False,False
11,202406,1258,items_per_visit,1081.26,426.0,True,2.5381690140845072,2024-02-05,False,False,False
11,202406,1258,conversion_rate,118.88,487.0,True,0.24410677618069815,2024-02-05,False,False,False
11,202406,1258,avg_ticket,7808.19,418.0,True,18.679880382775117,2024-02-05,False,False,False
11,202407,1259,sales,12184.96,,False,12184.96,2024-02-12,False,False,False
11,202407,1259,visits,562.0,,False,562.0,2024-02-12,False,False,False
11,202407,1259,items_per_visit,1000.81,519.0,True,1.9283429672447012,2024-02-12,False,False,False
11,202407,1259,conversion_rate,130.42,497.0,True,0.26241448692152913,2024-02-12,False,False,False
11,202407,1259,avg_ticket,9878.68,495.0,True,19.956929292929292,2024-02-12,False,False,False
11,202408,1260,sales,6715.03,,False,6715.03,2024-02-19,False,False,False
11,202408,1260,visits,347.0,,False,347.0,2024-02-19,False,False,False
11,202408,1260,items_per_visit,1510.37,535.0,True,2.8231214953271024,2024-02-19,False,False,False
11,202408,1260,conversion_rate,97.68,436.0,True,0.22403669724770645,2024-02-19,False,False,False
11,202408,1260,avg_ticket,8687.81,452.0,True,19.220818584070795,2024-02-19,False,False,False
11,202409,1261,sales,6282.39,,False,6282.39,2024-02-26,False,False,False
11,202409,1261,visits,473.0,,False,473.0,2024-02-26,False,False,False
11,202409,1261,items_per_visit,1096.96,415.0,True,2.643277108433735,2024-02-26,False,False,False
11,202409,1261,conversion_rate,152.28,427.0,True,0.3566276346604215,2024-02-26,False,False,False
11,202409,1261,avg_ticket,11705.89,534.0,True,21.921142322097378,2024-02-26,False,False,False
11,202410,1262,sales,10669.22,,False,10669.22,2024-03-04,False,False,False
11,202410,1262,visits,410.0,,False,410.0,2024-03-04,False,False,False
11,202410,1262,items_per_visit,1350.16,462.0,True,2.922424242424243,2024-03-04,False,False,False
11,202410,1262,conversion_rate,92.31,423.0,True,0.21822695035460993,2024-03-04,False,False,False
11,202410,1262,avg_ticket,7625.58,479.0,True,15.919791231732777,2024-03-04,False,False,False
11,202411,1263,sales,9213.82,,False,9213.82,2024-03-11,False,False,False
11,202411,1263,visits,534.0,,False,534.0,2024-03-11,False,False,False
11,202411,1263,items_per_visit,697.97,334.0,True,2.0897305389221557,2024-03-11,False,False,False
11,202411,1263,conversion_rate,71.53,393.0,True,0.18201017811704834,2024-03-11,False,False,False
11,202411,1263,avg_ticket,6847.94,361.0,True,18.969362880886425,2024-03-11,False,False,False
11,202412,1264,sales,5941.11,,False,5941.11,2024-03-18,False,False,False
11,202412,1264,visits,478.0,,False,478.0,2024-03-18,False,False,False
11,202412,1264,items_per_visit,1085.31,416.0,True,2.6089182692307693,2024-03-18,False,False,False
11,202412,1264,conversion_rate,108.32,393.0,True,0.2756234096692112,2024-03-18,False,False,False
11,202412,1264,avg_ticket,8147.89,388.0,True,20.999716494845362,2024-03-18,False,False,False
12,202401,1253,sales,11487.34,,False,11487.34,2024-01-01,False,False,False
12,202401,1253,visits,391.0,,False,391.0,2024-01-01,False,False,False
12,202401,1253,items_per_visit,1032.42,394.0,True,2.6203553299492386,2024-01-01,False,False,False
12,202401,1253,conversion_rate,136.11,543.0,True,0.2506629834254144,2024-01-01,False,False,False
12,202401,1253,avg_ticket,9690.99,447.0,True,21.68006711409396,2024-01-01,False,False,False
12,202402,1254,sales,12340.6,,False,12340.6,2024-01-08,False,False,False
12,202402,1254,visits,608.0,,False,608.0,2024-01-08,False,False,False
12,202402,1254,items_per_visit,1164.39,394.0,True,2.955304568527919,2024-01-08,False,False,False
12,202402,1254,conversion_rate,34.69,438.0,True,0.07920091324200913,2024-01-08,True,False,True
12,202402,1254,avg_ticket,10469.7,497.0,True,21.06579476861167,2024-01-08,False,False,False
12,202403,1255,sales,10609.41,,False,10609.41,2024-01-15,False,False,False
12,202403,1255,visits,569.0,,False,569.0,2024-01-15,False,False,False
12,202403,1255,items_per_visit,1034.7,450.0,True,2.2993333333333332,2024-01-15,False,False,False
12,202403,1255,conversion_rate,109.45,395.0,True,0.2770886075949367,2024-01-15,False,False,False
12,202403,1255,avg_ticket,10343.87,431.0,True,23.99969837587007,2024-01-15,False,False,False
12,202404,1256,sales,8512.08,,False,8512.08,2024-01-22,False,False,False
12,202404,1256,visits,368.0,,False,368.0,2024-01-22,False,False,False
12,202404,1256,items_per_visit,1263.45,453.0,True,2.789072847682119,2024-01-22,False,False,False
12,202404,1256,conversion_rate,115.32,365.0,True,0.31594520547945204,2024-01-22,False,False,False
12,202404,1256,avg_ticket,8641.54,459.0,True,18.826884531590416,2024-01-22,False,False,False
12,202405,1257,sales,12543.26,,False,12543.26,2024-01-29,False,False,False
12,202405,1257,visits,434.0,,False,434.0,2024-01-29,False,False,False
12,202405,1257,items_per_visit,1079.13,410.0,True,2.632024390243903,2024-01-29,False,False,False
12,202405,1257,conversion_rate,148.61,417.0,True,0.356378896882494,2024-01-29,False,False,False
12,202405,1257,avg_ticket,8868.09,533.0,True,16.638067542213882,2024-01-29,False,False,False
12,202406,1258,sales,7447.62,,False,7447.62,2024-02-05,False,False,False
12,202406,1258,visits,362.0,,False,362.0,2024-02-05,False,False,False
12,202406,1258,items_per_visit,974.07,415.0,True,2.3471566265060244,2024-02-05,False,False,False
12,202406,1258,conversion_rate,144.48,424.0,True,0.3407547169811321,2024-02-05,False,False,False
12,202406,1258,avg_ticket,5694.39,419.0,True,13.590429594272077,2024-02-05,False,False,False
12,202407,1259,sales,7698.5,,False,7698.5,2024-02-12,False,False,False
12,202407,1259,visits,631.0,,False,631.0,2024-02-12,False,False,False
12,202407,1259,items_per_visit,1632.76,517.0,True,3.1581431334622825,2024-02-12,False,False,False
12,202407,1259,conversion_rate,130.71,473.0,True,0.27634249471458777,2024-02-12,False,False,False
12,202407,1259,avg_ticket,9282.04,467.0,True,19.8758886509636,2024-02-12,False,False,False
12,202408,1260,sales,11773.39,,False,11773.39,2024-02-19,False,False,False
12,202408,1260,visits,448.0,,False,448.0,2024-02-19,False,False,False
12,202408,1260,items_per_visit,1909.7,570.0,True,3.3503508771929824,2024-02-19,False,False,False
12,202408,1260,conversion_rate,150.59,476.0,True,0.3163655462184874,2024-02-19,False,False,False
12,202408,1260,avg_ticket,11500.7,462.0,True,24.893290043290044,2024-02-19,False,False,False
12,202409,1261,sales,7453.83,,False,7453.83,2024-02-26,False,False,False
12,202409,1261,visits,548.0,,False,548.0,2024-02-26,False,False,False
12,202409,1261,items_per_visit,1110.73,400.0,True,2.776825,2024-02-26,False,False,False
12,202409,1261,conversion_rate,166.65,575.0,True,0.28982608695652173,2024-02-26,False,False,False
12,202409,1261,avg_ticket,7416.9,450.0,True,16.482,2024-02-26,False,False,False
12,202410,1262,sales,6550.56,,False,6550.56,2024-03-04,False,False,False
12,202410,1262,visits,518.0,,False,518.0,2024-03-04,False,False,False
12,202410,1262,items_per_visit,871.02,436.0,True,1.9977522935779817,2024-03-04,False,False,False
12,202410,1262,conversion_rate,106.6,464.0,True,0.22974137931034483,2024-03-04,False,False,False
12,202410,1262,avg_ticket,6521.57,386.0,True,16.89525906735751,2024-03-04,False,False,False
12,202411,1263,sales,7753.82,,False,7753.82,2024-03-11,False,False,False
12,202411,1263,visits,339.0,,False,339.0,2024-03-11,False,False,False
12,202411,1263,items_per_visit,879.3,491.0,True,1.7908350305498981,2024-03-11,False,False,False
12,202411,1263,conversion_rate,133.41,411.0,True,0.3245985401459854,2024-03-11,False,False,False
12,202411,1263,avg_ticket,8496.19,412.0,True,20.621820388349516,2024-03-11,False,False,False
12,202412,1264,sales,9424.67,,False,9424.67,2024-03-18,False,False,False
12,202412,1264,visits,394.0,,False,394.0,2024-03-18,False,False,False
12,202412,1264,items_per_visit,754.78,435.0,True,1.735126436781609,2024-03-18,False,False,False
12,202412,1264,conversion_rate,129.97,417.0,True,0.3116786570743405,2024-03-18,False,False,False
12,202412,1264,avg_ticket,8845.47,489.0,True,18.08889570552147,2024-03-18,False,False,False
13,202401,1253,sales,13779.37,,False,13779.37,2024-01-01,False,False,False
13,202401,1253,visits,719.0,,False,719.0,2024-01-01,False,False,False
13,202401,1253,items_per_visit,1715.14,477.0,True,3.595681341719078,2024-01-01,False,False,False
13,202401,1253,conversion_rate,182.41,643.0,True,0.28368584758942456,2024-01-01,False,False,False
13,202401,1253,avg_ticket,12370.6,567.0,True,21.817636684303352,2024-01-01,False,False,False
13,202402,1254,sales,13655.49,,False,13655.49,2024-01-08,False,False,False
13,202402,1254,visits,673.0,,False,673.0,2024-01-08,False,False,False
13,202402,1254,items_per_visit,1615.84,537.0,True,3.0090130353817504,2024-01-08,False,False,False
13,202402,1254,conversion_rate,188.1,659.0,True,0.28543247344461303,2024-01-08,False,False,False
13,202402,1254,avg_ticket,10262.57,515.0,True,19.927320388349514,2024-01-08,False,False,False
13,202403,1255,sales,14087.68,,False,14087.68,2024-01-15,False,False,False
13,202403,1255,visits,725.0,,False,725.0,2024-01-15,False,False,False
13,202403,1255,items_per_visit,1849.63,560.0,True,3.3029107142857144,2024-01-15,False,False,False
13,202403,1255,conversion_rate,245.59,709.0,True,0.34638928067700986,2024-01-15,False,False,False
13,202403,1255,avg_ticket,9665.99,488.0,True,19.807356557377048,2024-01-15,False,False,False
13,202404,1256,sales,11397.94,,False,11397.94,2024-01-22,False,False,False
13,202404,1256,visits,493.0,,False,493.0,2024-01-22,False,False,False
13,202404,1256,items_per_visit,1617.91,512.0,True,3.15998046875,2024-01-22,False,False,False
13,202404,1256,conversion_rate,207.88,617.0,True,0.33692058346839543,2024-01-22,False,False,False
13,202404,1256,avg_ticket,13002.42,502.0,True,25.901235059760957,2024-01-22,False,False,False
13,202405,1257,sales,14822.98,,False,14822.98,2024-01-29,False,False,False
13,202405,1257,visits,719.0,,False,719.0,2024-01-29,False,False,False
13,202405,1257,items_per_visit,1732.51,578.0,True,2.9974221453287195,2024-01-29,False,False,False
13,202405,1257,conversion_rate,183.32,528.0,True,0.34719696969696967,2024-01-29,False,False,False
13,202405,1257,avg_ticket,17725.59,648.0,True,27.354305555555555,2024-01-29,False,False,False
13,202406,1258,sales,9314.82,,False,9314.82,2024-02-05,False,False,False
13,202406,1258,visits,465.0,,False,465.0,2024-02-05,False,False,False
13,202406,1258,items_per_visit,1134.91,524.0,True,2.1658587786259544,2024-02-05,False,False,False
13,202406,1258,conversion_rate,122.4,498.0,True,0.2457831325301205,2024-02-05,False,False,False
13,202406,1258,avg_ticket,12236.96,511.0,True,23.94708414872798,2024-02-05,False,False,False
13,202407,1259,sales,26937.43,,False,26937.43,2024-02-12,True,True,True
13,202407,1259,visits,682.0,,False,682.0,2024-02-12,False,False,False
13,202407,1259,items_per_visit,2926.02,734.0,True,3.9864032697547684,2024-02-12,False,False,False
13,202407,1259,conversion_rate,243.5,569.0,True,0.4279437609841828,2024-02-12,False,False,False
13,202407,1259,avg_ticket,14581.57,649.0,True,22.467750385208014,2024-02-12,False,False,False
13,202408,1260,sales,11942.29,,False,11942.29,2024-02-19,False,False,False
13,202408,1260,visits,594.0,,False,594.0,2024-02-19,False,False,False
13,202408,1260,items_per_visit,1994.63,635.0,True,3.1411496062992126,2024-02-19,False,False,False
13,202408,1260,conversion_rate,211.59,536.0,True,0.3947574626865672,2024-02-19,False,False,False
13,202408,1260,avg_ticket,11300.98,520.0,True,21.732653846153845,2024-02-19,False,False,False
13,202409,1261,sales,10520.26,,False,10520.26,2024-02-26,False,False,False
13,202409,1261,visits,594.0,,False,594.0,2024-02-26,False,False,False
13,202409,1261,items_per_visit,1428.63,556.0,True,2.569478417266187,2024-02-26,False,False,False
13,202409,1261,conversion_rate,315.47,719.0,True,0.4387621696801113,2024-02-26,False,False,False
13,202409,1261,avg_ticket,20179.3,698.0,True,28.91017191977077,2024-02-26,False,False,False
13,202410,1262,sales,11550.19,,False,11550.19,2024-03-04,False,False,False
13,202410,1262,visits,526.0,,False,526.0,2024-03-04,False,False,False
13,202410,1262,items_per_visit,1676.86,700.0,True,2.3955142857142855,2024-03-04,False,False,False
13,202410,1262,conversion_rate,200.44,611.0,True,0.3280523731587561,2024-03-04,False,False,False
13,202410,1262,avg_ticket,13828.86,555.0,True,24.916864864864866,2024-03-04,False,False,False
13,202411,1263,sales,14201.16,,False,14201.16,2024-03-11,False,False,False
13,202411,1263,visits,609.0,,False,609.0,2024-03-11,False,False,False
13,202411,1263,items_per_visit,1949.06,583.0,True,3.343156089193825,2024-03-11,False,False,False
13,202411,1263,conversion_rate,203.11,652.0,True,0.3115184049079755,2024-03-11,False,False,False
13,202411,1263,avg_ticket,11437.81,547.0,True,20.910073126142596,2024-03-11,False,False,False
13,202412,1264,sales,10784.9,,False,10784.9,2024-03-18,False,False,False
13,202412,1264,visits,735.0,,False,735.0,2024-03-18,False,False,False
13,202412,1264,items_per_visit,1958.98,635.0,True,3.0850078740157483,2024-03-18,False,False,False
13,202412,1264,conversion_rate,273.19,639.0,True,0.42752738654147104,2024-03-18,False,False,False
13,202412,1264,avg_ticket,12391.13,534.0,True,23.20436329588015,2024-03-18,False,False,False
14,202401,1253,sales,11037.89,,False,11037.89,2024-01-01,False,False,False
14,202401,1253,visits,313.0,,False,313.0,2024-01-01,False,False,False
14,202401,1253,items_per_visit,1294.02,482.0,True,2.684688796680498,2024-01-01,False,False,False
14,202401,1253,conversion_rate,128.08,459.0,True,0.279041394335512,2024-01-01,False,False,False
14,202401,1253,avg_ticket,10504.28,513.0,True,20.47617933723197,2024-01-01,False,False,False
14,202402,1254,sales,9354.09,,False,9354.09,2024-01-08,False,False,False
14,202402,1254,visits,478.0,,False,478.0,2024-01-08,False,False,False
14,202402,1254,items_per_visit,1007.91,460.0,True,2.191108695652174,2024-01-08,False,False,False
14,202402,1254,conversion_rate,157.43,463.0,True,0.34002159827213824,2024-01-08,False,False,False
14,202402,1254,avg_ticket,10560.47,522.0,True,20.230785440613026,2024-01-08,False,False,False
14,202403,1255,sales,8318.52,,False,8318.52,2024-01-15,False,False,False
14,202403,1255,visits,598.0,,False,598.0,2024-01-15,False,False,False
14,202403,1255,items_per_visit,1089.22,422.0,True,2.581090047393365,2024-01-15,False,False,False
14,202403,1255,conversion_rate,163.48,485.0,True,0.3370721649484536,2024-01-15,False,False,False
14,202403,1255,avg_ticket,7369.97,527.0,True,13.984762808349146,2024-01-15,False,False,False
14,202404,1256,sales,9109.5,,False,9109.5,2024-01-22,False,False,False
14,202404,1256,visits,535.0,,False,535.0,2024-01-22,False,False,False
14,202404,1256,items_per_visit,914.93,434.0,True,2.108133640552995,2024-01-22,False,False,False
14,202404,1256,conversion_rate,158.45,466.0,True,0.3400214592274678,2024-01-22,False,False,False
14,202404,1256,avg_ticket,4140.54,342.0,True,12.106842105263159,2024-01-22,False,False,False
14,202405,1257,sales,11566.82,,False,11566.82,2024-01-29,False,False,False
14,202405,1257,visits,516.0,,False,516.0,2024-01-29,False,False,False
14,202405,1257,items_per_visit,1578.0,538.0,True,2.933085501858736,2024-01-29,False,False,False
14,202405,1257,conversion_rate,126.13,431.0,True,0.29264501160092804,2024-01-29,False,False,False
14,202405,1257,avg_ticket,8282.82,455.0,True,18.204,2024-01-29,False,False,False
14,202406,1258,sales,5960.19,,False,5960.19,2024-02-05,False,False,False
14,202406,1258,visits,501.0,,False,501.0,2024-02-05,False,False,False
14,202406,1258,items_per_visit,835.48,415.0,True,2.0132048192771084,2024-02-05,False,False,False
14,202406,1258,conversion_rate,119.21,388.0,True,0.3072422680412371,2024-02-05,False,False,False
14,202406,1258,avg_ticket,6913.39,355.0,True,19.474338028169015,2024-02-05,False,False,False
14,202407,1259,sales,12100.73,,False,12100.73,2024-02-12,False,False,False
14,202407,1259,visits,332.0,,False,332.0,2024-02-12,False,False,False
14,202407,1259,items_per_visit,881.06,527.0,True,1.671840607210626,2024-02-12,False,False,False
14,202407,1259,conversion_rate,148.75,553.0,True,0.2689873417721519,2024-02-12,False,False,False
14,202407,1259,avg_ticket,6920.28,445.0,True,15.551191011235954,2024-02-12,False,False,False
14,202408,1260,sales,7232.06,,False,7232.06,2024-02-19,False,False,False
14,202408,1260,visits,483.0,,False,483.0,2024-02-19,False,False,False
14,202408,1260,items_per_visit,900.29,478.0,True,1.8834518828451883,2024-02-19,False,False,False
14,202408,1260,conversion_rate,171.14,513.0,True,0.33360623781676413,2024-02-19,False,False,False
14,202408,1260,avg_ticket,7770.53,530.0,True,14.661377358490565,2024-02-19,False,False,False
14,202409,1261,sales,10748.52,,False,10748.52,2024-02-26,False,False,False
14,202409,1261,visits,476.0,,False,476.0,2024-02-26,False,False,False
14,202409,1261,items_per_visit,1191.97,452.0,True,2.6371017699115047,2024-02-26,False,False,False
14,202409,1261,conversion_rate,102.54,475.0,True,0.21587368421052633,2024-02-26,False,False,False
14,202409,1261,avg_ticket,10211.55,505.0,True,20.22089108910891,2024-02-26,False,False,False
14,202410,1262,sales,10571.51,,False,10571.51,2024-03-04,False,False,False
14,202410,1262,visits,369.0,,False,369.0,2024-03-04,False,False,False
14,202410,1262,items_per_visit,845.41,456.0,True,1.853969298245614,2024-03-04,False,False,False
14,202410,1262,conversion_rate,135.11,394.0,True,0.34291878172588836,2024-03-04,False,False,False
14,202410,1262,avg_ticket,8028.5,411.0,True,19.534063260340634,2024-03-04,False,False,False
14,202411,1263,sales,10670.19,,False,10670.19,2024-03-11,False,False,False
14,202411,1263,visits,475.0,,False,475.0,2024-03-11,False,False,False
14,202411,1263,items_per_visit,810.93,470.0,True,1.725382978723404,2024-03-11,False,False,False
14,202411,1263,conversion_rate,90.79,337.0,True,0.269406528189911,2024-03-11,False,False,False
14,202411,1263,avg_ticket,8872.04,479.0,True,18.522004175365346,2024-03-11,False,False,False
14,202412,1264,sales,10384.19,,False,10384.19,2024-03-18,False,False,False
14,202412,1264,visits,312.0,,False,312.0,2024-03-18,False,False,False
14,202412,1264,items_per_visit,988.57,451.0,True,2.191951219512195,2024-03-18,False,False,False
14,202412,1264,conversion_rate,104.42,418.0,True,0.2498086124401914,2024-03-18,False,False,False
14,202412,1264,avg_ticket,5682.33,377.0,True,15.072493368700265,2024-03-18,False,False,False
15,202401,1253,sales,13071.07,,False,13071.07,2024-01-01,False,False,False
15,202401,1253,visits,483.0,,False,483.0,2024-01-01,False,False,False
15,202401,1253,items_per_visit,1349.88,530.0,True,2.5469433962264154,2024-01-01,False,False,False
15,202401,1253,conversion_rate,207.72,554.0,True,0.37494584837545125,2024-01-01,False,False,False
15,202401,1253,avg_ticket,12017.71,525.0,True,22.890876190476188,2024-01-01,False,False,False
15,202402,1254,sales,10373.44,,False,10373.44,2024-01-08,False,False,False
15,202402,1254,visits,453.0,,False,453.0,2024-01-08,False,False,False
15,202402,1254,items_per_visit,1522.38,581.0,True,2.620275387263339,2024-01-08,False,False,False
15,202402,1254,conversion_rate,188.44,494.0,True,0.3814574898785425,2024-01-08,False,False,False
15,202402,1254,avg_ticket,30794.51,620.0,True,49.66856451612903,2024-01-08,True,True,True
15,202403,1255,sales,3323.49,,False,3323.49,2024-01-15,False,False,False
15,202403,1255,visits,695.0,,False,695.0,2024-01-15,False,False,False
15,202403,1255,items_per_visit,1855.6,708.0,True,2.6209039548022597,2024-01-15,False,False,False
15,202403,1255,conversion_rate,188.15,512.0,True,0.36748046875,2024-01-15,False,False,False
15,202403,1255,avg_ticket,15791.19,585.0,True,26.99348717948718,2024-01-15,False,False,False
15,202404,1256,sales,10938.7,,False,10938.7,2024-01-22,False,False,False
15,202404,1256,visits,590.0,,False,590.0,2024-01-22,False,False,False
15,202404,1256,items_per_visit,1160.98,541.0,True,2.145988909426987,2024-01-22,False,False,False
15,202404,1256,conversion_rate,153.86,467.0,True,0.3294646680942184,2024-01-22,False,False,False
15,202404,1256,avg_ticket,1223.9,435.0,True,2.813563218390805,2024-01-22,True,False,True
15,202405,1257,sales,14342.71,,False,14342.71,2024-01-29,False,False,False
15,202405,1257,visits,520.0,,False,520.0,2024-01-29,False,False,False
15,202405,1257,items_per_visit,2087.22,574.0,True,3.636271777003484,2024-01-29,False,False,False
15,202405,1257,conversion_rate,317.55,748.0,True,0.42453208556149735,2024-01-29,False,False,False
15,202405,1257,avg_ticket,13927.96,593.0,True,23.487284991568295,2024-01-29,False,False,False
15,202406,1258,sales,12084.89,,False,12084.89,2024-02-05,False,False,False
15,202406,1258,visits,413.0,,False,413.0,2024-02-05,False,False,False
15,202406,1258,items_per_visit,1772.46,585.0,True,3.029846153846154,2024-02-05,False,False,False
15,202406,1258,conversion_rate,205.05,579.0,True,0.35414507772020726,2024-02-05,False,False,False
15,202406,1258,avg_ticket,15229.68,586.0,True,25.989215017064847,2024-02-05,False,False,False
15,202407,1259,sales,9870.13,,False,9870.13,2024-02-12,False,False,False
15,202407,1259,visits,649.0,,False,649.0,2024-02-12,False,False,False
15,202407,1259,items_per_visit,2365.97,634.0,True,3.731813880126183,2024-02-12,False,False,False
15,202407,1259,conversion_rate,316.32,695.0,True,0.455136690647482,2024-02-12,False,False,False
15,202407,1259,avg_ticket,3100.97,569.0,True,5.449859402460457,2024-02-12,True,False,True
15,202408,1260,sales,14497.05,,False,14497.05,2024-02-19,False,False,False
15,202408,1260,visits,701.0,,False,701.0,2024-02-19,False,False,False
15,202408,1260,items_per_visit,1879.3,761.0,True,2.4695137976346913,2024-02-19,False,False,False
15,202408,1260,conversion_rate,247.07,740.0,True,0.33387837837837836,2024-02-19,False,False,False
15,202408,1260,avg_ticket,13652.7,643.0,True,21.232814930015554,2024-02-19,False,False,False
15,202409,1261,sales,9460.57,,False,9460.57,2024-02-26,False,False,False
15,202409,1261,visits,712.0,,False,712.0,2024-02-26,False,False,False
15,202409,1261,items_per_visit,1445.17,500.0,True,2.89034,2024-02-26,False,False,False
15,202409,1261,conversion_rate,195.0,704.0,True,0.27698863636363635,2024-02-26,False,False,False
15,202409,1261,avg_ticket,16257.83,637.0,True,25.522496075353217,2024-02-26,False,False,False
15,202410,1262,sales,12864.98,,False,12864.98,2024-03-04,False,False,False
15,202410,1262,visits,444.0,,False,444.0,2024-03-04,False,False,False
15,202410,1262,items_per_visit,2069.47,669.0,True,3.0933781763826604,2024-03-04,False,False,False
15,202410,1262,conversion_rate,172.28,534.0,True,0.32262172284644197,2024-03-04,False,False,False
15,202410,1262,avg_ticket,17922.65,682.0,True,26.279545454545456,2024-03-04,False,False,False
15,202411,1263,sales,12665.05,,False,12665.05,2024-03-11,False,False,False
15,202411,1263,visits,542.0,,False,542.0,2024-03-11,False,False,False
15,202411,1263,items_per_visit,1743.62,537.0,True,3.2469646182495344,2024-03-11,False,False,False
15,202411,1263,conversion_rate,186.78,459.0,True,0.4069281045751634,2024-03-11,False,False,False
15,202411,1263,avg_ticket,13238.03,663.0,True,19.96686274509804,2024-03-11,False,False,False
15,202412,1264,sales,13772.92,,False,13772.92,2024-03-18,False,False,False
15,202412,1264,visits,448.0,,False,448.0,2024-03-18,False,False,False
15,202412,1264,items_per_visit,1065.78,475.0,True,2.2437473684210527,2024-03-18,False,False,False
15,202412,1264,conversion_rate,192.82,580.0,True,0.33244827586206893,2024-03-18,False,False,False
15,202412,1264,avg_ticket,16407.44,659.0,True,24.897481031866462,2024-03-18,False,False,False
